node,community
chr2.27050291_G,0
chr2.26479017_G,0
chr2.26700119_G,0
chr2.26818853_G,0
chr2.26334518_G,0
chr2.27081346_C,0
chr2.26400119_G,0
chr2.26491073_T,0
chr2.27033395_T,0
chr2.27000119_C,0
chr2.26458770_G,0
chr2.26421692_G,0
chr2.26500119_G,0
chr2.26359894_G,0
chr2.26309107_G,0
chr3.67838708_A,0
chr2.27090878_G,0
chr2.26476649_G,0
chr2.26415999_G,0
chr14.39092129_A,1
chr16.40902566_C,1
chr14.39342664_G,1
chr16.40970847_C,1
chr14.38673360_A,1
chr14.39110772_G,1
chr14.39297782_G,1
chr16.40932777_C,1
chr14.39222495_A,1
chr14.39319627_A,1
chr16.40953309_G,1
chr14.38770689_A,1
chr10.47278252_A,2
chr14.31962383_G,2
chr14.29144589_G,2
chr14.30170779_C,2
chr10.47944918_T,2
chr8.34283362_A,3
chr6.16934893_A,3
chr6.17282393_A,3
chr8.33968263_G,3
chr9.79585258_G,4
chr9.79735817_C,4
chr1.35290806_G,4
chr9.79296085_A,4
chr16.37717328_G,5
chr14.1351071_G,5
chr14.728571_A,5
chr16.37732237_T,5
chr11.5284241_G,6
chr2.59923280_T,6
chr2.59823280_G,6
chr3.73642361_A,7
chr5.33030312_A,7
chr5.32994979_A,7
chr14.22869257_G,8
chr1.4899444_A,8
chr19.9100396_A,9
chr10.29339617_G,9
chr13.62813808_G,10
chr15.38628660_G,10
chr8.10145371_A,11
chr8.33874954_G,11
chr18.17069231_G,12
chr4.23885877_A,12
chr13.50945828_G,13
chr12.32684162_G,13
