adj_pval,pval,ttest,snp2_name,snp1_name
0.034688024,3.69e-08,-5.52874552,"chr3.44666611_A","chr12.7079769_C"
0.047698765,6.86e-08,-5.4172282,"chr3.44638040_G","chr12.7079769_C"
0.043268688,5.95e-08,-5.443083229,"chr3.44818285_A","chr12.7079769_C"
0.043268688,5.98e-08,-5.442117394,"chr3.44652325_G","chr12.7079769_C"
0.043651579,6.12e-08,-5.438091626,"chr3.42437325_A","chr12.7079769_C"
0.035407411,3.84e-08,-5.521693623,"chr3.40804202_A","chr12.7079769_C"
0.041508623,5.2e-08,-5.467567518,"chr3.44818166_G","chr12.7079769_C"
0.049922549,7.37e-08,-5.404270673,"chr3.40788234_A","chr12.7079769_C"
